{
	"info": {
		"_postman_id": "5399042f-0e2f-4d6f-9330-83dc40165054",
		"name": "Pro bono",
		"schema": "https://schema.getpostman.com/json/collection/v2.1.0/collection.json"
	},
	"item": [
		{
			"name": "New Request",
			"protocolProfileBehavior": {
				"disabledSystemHeaders": {
					"user-agent": true,
					"accept": true,
					"accept-encoding": true,
					"connection": true,
					"host": true
				}
			},
			"request": {
				"method": "GET",
				"header": [
					{
						"key": "Authorization",
						"value": "Signature keyId=\"987654321\",algorithm=\"hmac-sha256\",headers=\"keyId algorithm\",signature=\"PFHspcQWi75ycMHP+oplUu3ZVjxa+OnjczPAxwbRisU=\"",
						"type": "text"
					},
					{
						"key": "request-target",
						"value": "get /protected",
						"type": "text",
						"disabled": true
					},
					{
						"key": "keyId",
						"value": "987654321",
						"type": "text"
					},
					{
						"key": "algorithm",
						"value": "hmac-256",
						"type": "text"
					}
				],
				"url": {
					"raw": "http://localhost:2088/protected",
					"protocol": "http",
					"host": [
						"localhost"
					],
					"port": "2088",
					"path": [
						"protected"
					]
				}
			},
			"response": []
		}
	]
}